fiscal_year,pensioners,original_pension,minimum_pension,difference,pensioners_growth,min_pension_growth,difference_growth,real_pension,cost_7500
2018,2003143,1433.64,2354.07,920.43,,,,1000,18028.287
2019,1982612,1403.97,2311.83,907.86,-1.0249393,-1.7943392,-1.365666,927.15234,17843.508
2020,1970670,1415.03,2315.7,900.67,-0.6023367,0.16739985,-0.79197234,886.07593,17736.029
2021,2044136,1421.57,2348.31,926.74,3.7279706,1.4082135,2.8945119,828.40234,18397.225
2022,2055878,1463.01,2432.77,969.76,0.57442361,3.5966291,4.6420789,773.48065,18502.902
2023,2055521,1471.3,2450.38,979.08,-0.017364843,0.72386622,0.96106255,725.38861,18499.689
2024,2133630,368.001,612.601,244.771,3.7999611,-74.999756,-74.999901,710.65991,19202.67
